{
  "2025": {
    "stage_year": 2025,
    "status": "successful",
    "result_dir": "/Users/arnoclaude/Documents/TUM/Thesis/STRIDE/revoletion/results/251122_160456_scenario_stage_2025",
    "npv": -448815.4532993382,
    "npc": null,
    "capex_prj": 569300.0,
    "opex_prj": 699174.3525606431,
    "lcoe_total": 0.000948594589558273,
    "pv_size_total": 0.0,
    "ess_size_total": 10000.0,
    "grid_size_g2s": null,
    "grid_size_s2g": null,
    "pv_size_invest": null,
    "ess_size_invest": null,
    "grid_size_g2s_invest": null,
    "grid_import_sim_kwh": 43.497619947946475,
    "grid_export_sim_kwh": 8926.856963661323,
    "pv_generation_sim_kwh": 0,
    "co2_sim_kg": 17.39904797917859,
    "discount_factor": 1.0,
    "npv_discounted": -448815.4532993382
  },
  "2030": {
    "stage_year": 2030,
    "status": "successful",
    "result_dir": "/Users/arnoclaude/Documents/TUM/Thesis/STRIDE/revoletion/results/251122_161131_scenario_stage_2030",
    "npv": -449181.40876113833,
    "npc": null,
    "capex_prj": 569300.0,
    "opex_prj": 667287.6600513567,
    "lcoe_total": 0.0009421173207988198,
    "pv_size_total": 0.0,
    "ess_size_total": 10000.0,
    "grid_size_g2s": null,
    "grid_size_s2g": null,
    "pv_size_invest": null,
    "ess_size_invest": null,
    "grid_size_g2s_invest": null,
    "grid_import_sim_kwh": 48.53469205694069,
    "grid_export_sim_kwh": 8801.92589221039,
    "pv_generation_sim_kwh": 0,
    "co2_sim_kg": 19.413876822776277,
    "discount_factor": 0.6499313862983452,
    "npv_discounted": -291937.0956955703
  }
}