year,pv_total_kw,pv_new_kw,ess_total_kwh,ess_new_kwh,capex,npv,npv_discounted
2025,135.609150741521,135.609150741521,0.0,0.0,23313231.948525585,-31021451.172864757,-31021451.172864757
2030,535.7322129059844,400.1230621644634,0.0,0.0,25868253.085571002,-33744496.53967361,-28411960.615555502
2035,1558.5606574454255,1022.8284445394411,5.831676685792561,5.831676685792561,29404076.676532492,-37048627.20228711,-26264468.84582097
2040,2450.495973313458,891.9353158680324,94.233835339245,88.40215865345245,32922015.24930181,-40739199.488829866,-24316845.985166997
2045,4031.4334972559377,1580.9375239424799,524.6536369300453,430.41980159080026,36785053.64288618,-44763824.56792736,-22496771.08452456
2050,4861.978421778314,830.5449245223771,727.3032991721589,202.6496622421135,40500189.50724499,-49429015.13858956,-20915738.938474867
