year,pv_total_kw,pv_new_kw,ess_total_kwh,ess_new_kwh,capex,npv,npv_discounted
2025,0.18794736568044462,0.18794736568044462,0.0,0.0,23190600.63435562,-30563097.910962757,-30563097.910962757
2030,382.12258427004673,381.9346369043663,0.0,0.0,25744947.638985097,-33311267.05701921,-28047193.016068496
2035,1006.9633128596118,624.8407285895651,0.0,0.0,28958918.289831202,-36737535.49089637,-26043930.078826904
2040,2135.898742780813,1128.9354299212011,0.07771770662006579,0.07771770662006579,32698220.32923432,-40398299.08250942,-24113365.73074894
2045,2294.35118771114,158.45244493032712,0.29101922628559457,0.21330151966552882,35612531.20511487,-44187137.67549444,-22206947.926388856
2050,2906.551565359771,612.2003776486306,4.102954553314482,3.8119353270288876,39335266.96286534,-48336194.180774964,-20453315.040364474
